{"accuracy": [0.24761904776096344, 0.42619046568870544, 0.5552380681037903, 0.6023809313774109, 0.6476190686225891, 0.6719047427177429, 0.7023809552192688, 0.7057142853736877, 0.7223809361457825, 0.7266666889190674, 0.738095223903656, 0.7366666793823242, 0.7623809576034546, 0.7438095211982727, 0.7557142972946167, 0.7723809480667114, 0.7704761624336243, 0.7757142782211304, 0.7928571701049805, 0.7809523940086365, 0.7871428728103638, 0.7980952262878418, 0.79666668176651, 0.7985714077949524, 0.8014285564422607, 0.808571457862854, 0.7980952262878418, 0.808571457862854, 0.8066666722297668, 0.8152381181716919, 0.8152381181716919, 0.8223809599876404, 0.8266666531562805, 0.8223809599876404, 0.8285714387893677, 0.8257142901420593, 0.831428587436676, 0.8285714387893677, 0.8333333134651184, 0.8385714292526245, 0.833809494972229, 0.842380940914154, 0.845714271068573, 0.8419047594070435, 0.8547618985176086, 0.8461904525756836, 0.8552380800247192, 0.8519047498703003, 0.8533333539962769, 0.8604761958122253, 0.8547618985176086, 0.8552380800247192, 0.8604761958122253, 0.8676190376281738, 0.8628571629524231, 0.8714285492897034, 0.868571400642395, 0.857619047164917, 0.8628571629524231, 0.8680952191352844, 0.8538095355033875, 0.8638095259666443, 0.8761904835700989, 0.8799999952316284, 0.8690476417541504, 0.8676190376281738, 0.8747618794441223, 0.8676190376281738, 0.880476176738739, 0.8785714507102966, 0.8742856979370117, 0.8861904740333557, 0.8752381205558777, 0.8638095259666443, 0.8823809623718262, 0.8757143020629883, 0.8833333253860474, 0.8780952095985413, 0.8771428465843201, 0.8899999856948853, 0.8890476226806641, 0.8828571438789368, 0.8914285898208618, 0.8909524083137512, 0.8928571343421936, 0.8876190185546875, 0.8876190185546875, 0.8780952095985413, 0.8952381014823914, 0.8866666555404663, 0.8880952596664429, 0.8880952596664429, 0.8928571343421936, 0.8876190185546875, 0.8995237946510315, 0.8995237946510315, 0.8947619199752808, 0.8909524083137512, 0.8871428370475769, 0.8961904644966125], "loss": [1.8184717893600464, 1.464657187461853, 1.2151345014572144, 1.1000624895095825, 0.9704992771148682, 0.9001757502555847, 0.8477733731269836, 0.8066073060035706, 0.759459912776947, 0.747955858707428, 0.7250556349754333, 0.7089810967445374, 0.6861394047737122, 0.6852725744247437, 0.6706414818763733, 0.6276953220367432, 0.6295096278190613, 0.6143516302108765, 0.6004539132118225, 0.6009012460708618, 0.5835098028182983, 0.5682777166366577, 0.5722635388374329, 0.552093505859375, 0.5370454788208008, 0.5268241763114929, 0.5476452112197876, 0.5344062447547913, 0.5127675533294678, 0.5050904750823975, 0.5032526254653931, 0.49098721146583557, 0.49851423501968384, 0.5017600655555725, 0.48681503534317017, 0.5023664236068726, 0.47488415241241455, 0.46812915802001953, 0.4606218636035919, 0.4597175419330597, 0.46418634057044983, 0.4465557932853699, 0.4423295855522156, 0.44333937764167786, 0.4117937982082367, 0.42839035391807556, 0.4150077998638153, 0.42234283685684204, 0.4177531898021698, 0.413038969039917, 0.40560004115104675, 0.41500139236450195, 0.4012746512889862, 0.40090838074684143, 0.4010571837425232, 0.37682703137397766, 0.3851492404937744, 0.39764735102653503, 0.39031460881233215, 0.3793696463108063, 0.4046744108200073, 0.3764834702014923, 0.364216685295105, 0.3574770390987396, 0.38140061497688293, 0.3717051148414612, 0.354287713766098, 0.37613505125045776, 0.372144490480423, 0.3508322238922119, 0.3455284535884857, 0.3394678235054016, 0.3491671085357666, 0.36303839087486267, 0.35440340638160706, 0.34507569670677185, 0.3245333135128021, 0.3360511064529419, 0.3326489329338074, 0.33310815691947937, 0.32689616084098816, 0.3244979977607727, 0.32446935772895813, 0.3133683502674103, 0.3134429454803467, 0.32581037282943726, 0.32897159457206726, 0.33206117153167725, 0.3188447952270508, 0.31531861424446106, 0.3182176351547241, 0.31227803230285645, 0.31730368733406067, 0.30397695302963257, 0.30008143186569214, 0.2990233600139618, 0.2981465458869934, 0.3065625727176666, 0.30071625113487244, 0.29887157678604126], "val_accuracy": [0.1666666716337204, 0.1666666716337204, 0.1666666716337204, 0.1666666716337204, 0.1666666716337204, 0.3162878751754761, 0.3276515007019043, 0.5359848737716675, 0.6647727489471436, 0.7329545617103577, 0.7575757503509521, 0.7840909361839294, 0.7708333134651184, 0.7670454382896423, 0.7670454382896423, 0.7859848737716675, 0.7859848737716675, 0.7746211886405945, 0.7935606241226196, 0.7954545617103577, 0.8011363744735718, 0.7253788113594055, 0.8030303120613098, 0.8125, 0.8087121248245239, 0.8181818127632141, 0.8238636255264282, 0.8371211886405945, 0.8314393758773804, 0.8409090638160706, 0.8352272510528564, 0.7272727489471436, 0.8295454382896423, 0.8276515007019043, 0.8295454382896423, 0.8541666865348816, 0.8371211886405945, 0.8484848737716675, 0.8522727489471436, 0.8655303120613098, 0.8484848737716675, 0.8295454382896423, 0.8541666865348816, 0.8560606241226196, 0.8617424368858337, 0.8446969985961914, 0.8295454382896423, 0.8522727489471436, 0.8503788113594055, 0.8617424368858337, 0.8693181872367859, 0.8522727489471436, 0.8522727489471436, 0.8503788113594055, 0.810606062412262, 0.8314393758773804, 0.8579545617103577, 0.8636363744735718, 0.8579545617103577, 0.8295454382896423, 0.8522727489471436, 0.8503788113594055, 0.8541666865348816, 0.8579545617103577, 0.8712121248245239, 0.8314393758773804, 0.8655303120613098, 0.8674242496490479, 0.8787878751754761, 0.8238636255264282, 0.8560606241226196, 0.8484848737716675, 0.8257575631141663, 0.8333333134651184, 0.8636363744735718, 0.873106062412262, 0.8636363744735718, 0.8655303120613098, 0.8882575631141663, 0.8787878751754761, 0.8712121248245239, 0.8409090638160706, 0.875, 0.8825757503509521, 0.8844696879386902, 0.8806818127632141, 0.8806818127632141, 0.8882575631141663, 0.8939393758773804, 0.8257575631141663, 0.8390151262283325, 0.8825757503509521, 0.8825757503509521, 0.8825757503509521, 0.8806818127632141, 0.8787878751754761, 0.8882575631141663, 0.8825757503509521, 0.8920454382896423, 0.8806818127632141],